section,cluster,id,address,longitude_x,latitude_y,assignment,datebegin,city,state,dateend
W,601,W-110601,943 BELMONT AVE,-75.2114276045351,39.9709610847,Placebo/mow,4/17/2013,Philadelphia,PA,4/15/2015
W,601,W-110601,940 N 43RD ST,-75.2105737032112,39.9709220676837,Placebo/mow,4/17/2013,Philadelphia,PA,4/15/2015
NNE,16,NNE-040016,924 W AUBURN ST,-75.14630010863929,39.9950865513181,Green,4/19/2013,Philadelphia,PA,4/15/2015
W,495,W-230495,924 S CECIL ST,-75.23938635397801,39.9467498823346,No Tx,4/20/2013,Philadelphia,PA,4/15/2015
NNE,16,NNE-040016,922 W AUBURN ST,-75.1462531767456,39.9950804970691,Green,4/19/2013,Philadelphia,PA,4/15/2015
NNE,16,NNE-040016,920 W AUBURN ST,-75.1462070410584,39.9950744349588,Green,4/19/2013,Philadelphia,PA,4/15/2015
NNE,16,NNE-040016,918 W AUBURN ST,-75.1461611486738,39.995068892976,Green,4/19/2013,Philadelphia,PA,4/15/2015
NNE,16,NNE-040016,916 W AUBURN ST,-75.1461150466684,39.9950631005478,Green,4/19/2013,Philadelphia,PA,4/15/2015
NNE,16,NNE-040016,914 W AUBURN ST,-75.1460687605433,39.9950573596767,Green,4/19/2013,Philadelphia,PA,4/15/2015
NNE,16,NNE-040016,912 W AUBURN ST,-75.14602315068301,39.9950517988274,Green,4/19/2013,Philadelphia,PA,4/15/2015
W,751,W-170751,880 N 49TH ST,-75.2189896216626,39.9680751764546,Placebo/mow,4/17/2013,Philadelphia,PA,4/15/2015
W,751,W-170751,878 N 49TH ST,-75.21898502748409,39.9680338510234,Placebo/mow,4/17/2013,Philadelphia,PA,4/15/2015
W,751,W-170751,874 N 49TH ST,-75.2189727978915,39.9679525674648,Placebo/mow,4/17/2013,Philadelphia,PA,4/15/2015
W,456,W-220456,873 BUDD ST,-75.2050945697505,39.9700232580709,Green,4/20/2013,Philadelphia,PA,4/15/2015
W,751,W-170751,872 N 49TH ST,-75.2189672815461,39.9679120861176,Placebo/mow,4/17/2013,Philadelphia,PA,4/15/2015
W,456,W-220456,871 BUDD ST,-75.2050841876414,39.9699683264279,Green,4/20/2013,Philadelphia,PA,4/15/2015
W,699,W-160699,843 N 63RD ST,-75.2456185458263,39.9778634002056,No Tx,4/20/2013,Philadelphia,PA,4/15/2015
W,846,W-250846,728 N 42ND ST,-75.2076718067929,39.965458807736,No Tx,4/20/2013,Philadelphia,PA,4/15/2015
W,846,W-250846,726 N 42ND ST,-75.2076638526313,39.9654163809509,No Tx,4/20/2013,Philadelphia,PA,4/15/2015
W,846,W-250846,724 N 42ND ST,-75.20765678885969,39.9653738066793,No Tx,4/20/2013,Philadelphia,PA,4/15/2015
W,846,W-250846,722 N 42ND ST,-75.2076482500924,39.9653308195491,No Tx,4/20/2013,Philadelphia,PA,4/15/2015
W,846,W-250846,720 N 42ND ST,-75.20764048517169,39.965288513786,No Tx,4/20/2013,Philadelphia,PA,4/15/2015
W,846,W-250846,718 N 42ND ST,-75.2076328374808,39.9652463672428,No Tx,4/20/2013,Philadelphia,PA,4/15/2015
W,581,W-270581,7025 UPLAND ST,-75.24425338664049,39.9217784502643,Green,4/17/2013,Philadelphia,PA,4/15/2015
W,581,W-270581,7023 UPLAND ST,-75.2442040399478,39.9218150459024,Green,4/17/2013,Philadelphia,PA,4/15/2015
W,581,W-270581,7021 UPLAND ST,-75.2441360359781,39.9218633221195,Green,4/17/2013,Philadelphia,PA,4/15/2015
W,156,W-070156,669 N 35TH ST,-75.19317482165521,39.965969122148,Placebo/mow,4/16/2013,Philadelphia,PA,4/15/2015
W,156,W-070156,667 N 35TH ST,-75.1931466893556,39.9659121205122,Placebo/mow,4/16/2013,Philadelphia,PA,4/15/2015
W,23,W-030023,666 N CONESTOGA ST,-75.229717655418,39.9705936534454,Placebo/mow,4/16/2013,Philadelphia,PA,4/15/2015
W,156,W-070156,665 N 35TH ST,-75.1931344038935,39.9658529683357,Placebo/mow,4/16/2013,Philadelphia,PA,4/15/2015
W,23,W-030023,662 N CONESTOGA ST,-75.2297055853806,39.9705162869658,Placebo/mow,4/16/2013,Philadelphia,PA,4/15/2015
W,23,W-030023,658 N CONESTOGA ST,-75.2296932261164,39.97044016461,Placebo/mow,4/16/2013,Philadelphia,PA,4/15/2015
W,23,W-030023,650 N CONESTOGA ST,-75.2296685290902,39.9702871822092,Placebo/mow,4/16/2013,Philadelphia,PA,4/15/2015
W,23,W-030023,644 N CONESTOGA ST,-75.229649798217,39.9701705364155,Placebo/mow,4/16/2013,Philadelphia,PA,4/15/2015
W,23,W-030023,642 N CONESTOGA ST,-75.22964397208089,39.9701299747837,Placebo/mow,4/16/2013,Philadelphia,PA,4/15/2015
NNW,250,NNW-1800250,64 E SHARPNACK ST,-75.1824813395163,40.0503814123761,No Tx,4/19/2013,Philadelphia,PA,4/15/2015
NNE,507,NNE-210507,632 MASTER ST,-75.1472322364597,39.9728435058593,Placebo/mow,4/17/2013,Philadelphia,PA,4/15/2015
NNE,507,NNE-210507,630 MASTER ST,-75.14719246868189,39.9728377362283,Placebo/mow,4/17/2013,Philadelphia,PA,4/15/2015
S,713,S-120713,628 HOFFMAN ST,-75.1572143650011,39.9246978612699,No Tx,4/16/2013,Philadelphia,PA,4/15/2015
NNE,507,NNE-210507,626 MASTER ST,-75.14711139844729,39.9728279879099,Placebo/mow,4/17/2013,Philadelphia,PA,4/15/2015
S,713,S-120713,626 HOFFMAN ST,-75.1571657413178,39.924691295808,No Tx,4/16/2013,Philadelphia,PA,4/15/2015
NNE,507,NNE-210507,624 MASTER ST,-75.14706907801229,39.9728226191281,Placebo/mow,4/17/2013,Philadelphia,PA,4/15/2015
S,713,S-120713,624 HOFFMAN ST,-75.1571160685188,39.9246851342865,No Tx,4/16/2013,Philadelphia,PA,4/15/2015
NNE,99,NNE-140099,623-25 N AMERICAN ST,-75.1419677703084,39.9617723597266,No Tx,4/16/2013,Philadelphia,PA,4/15/2015
NNE,296,NNE-250296,622 W HUNTINGDON ST,-75.14325771278889,39.9907005165005,No Tx,4/17/2013,Philadelphia,PA,4/15/2015
NNE,507,NNE-210507,622 MASTER ST,-75.1470162028974,39.9728152623072,Placebo/mow,4/17/2013,Philadelphia,PA,4/15/2015
NNE,99,NNE-140099,621 N AMERICAN ST,-75.1419797375567,39.9617116020262,No Tx,4/16/2013,Philadelphia,PA,4/15/2015
S,713,S-120713,620 HOFFMAN ST,-75.1570195733666,39.9246719887096,No Tx,4/16/2013,Philadelphia,PA,4/15/2015
NNW,250,NNW-1800250,62 E SHARPNACK ST,-75.18251881741909,40.0503513900965,No Tx,4/19/2013,Philadelphia,PA,4/15/2015
NNE,99,NNE-140099,619 N AMERICAN ST,-75.1419893438924,39.9616715647507,No Tx,4/16/2013,Philadelphia,PA,4/15/2015
NNE,296,NNE-250296,618 W HUNTINGDON ST,-75.1431508288924,39.9906859285783,No Tx,4/17/2013,Philadelphia,PA,4/15/2015
NNE,296,NNE-250296,612 W HAROLD ST,-75.14291605123159,39.991074374369,No Tx,4/17/2013,Philadelphia,PA,4/15/2015
NNE,296,NNE-250296,610 W HAROLD ST,-75.1428680502177,39.9910640596243,No Tx,4/17/2013,Philadelphia,PA,4/15/2015
S,713,S-120713,607 HOFFMAN ST,-75.1566018843253,39.9248538059047,No Tx,4/16/2013,Philadelphia,PA,4/15/2015
S,713,S-120713,605 HOFFMAN ST,-75.1565540247861,39.924845880683,No Tx,4/16/2013,Philadelphia,PA,4/15/2015
W,495,W-230495,5743 BALTIMORE AVE,-75.23979885322071,39.9461755079863,No Tx,4/20/2013,Philadelphia,PA,4/15/2015
W,495,W-230495,5741 BALTIMORE AVE,-75.2397584170336,39.9462331380744,No Tx,4/20/2013,Philadelphia,PA,4/15/2015
W,495,W-230495,5739 BALTIMORE AVE,-75.2396985079781,39.9462352187304,No Tx,4/20/2013,Philadelphia,PA,4/15/2015
NNW,104,NNW-0900104,5738 CRITTENDEN ST,-75.1588231063317,40.0530476026674,No Tx,4/18/2013,Philadelphia,PA,4/15/2015
NNW,104,NNW-0900104,5736 CRITTENDEN ST,-75.15877973501431,40.0530214155195,No Tx,4/18/2013,Philadelphia,PA,4/15/2015
W,43,W-040043,5612 APPLETREE ST,-75.2329122794407,39.9628989852867,No Tx,4/20/2013,Philadelphia,PA,4/15/2015
W,43,W-040043,5610 APPLETREE ST,-75.2328623672519,39.9628934417315,No Tx,4/20/2013,Philadelphia,PA,4/15/2015
NNW,587,NNW-2900587,5539 SPRAGUE ST,-75.1593321046235,40.0473983906646,Green,6/20/2013,Philadelphia,PA,4/15/2015
NNW,587,NNW-2900587,5535 SPRAGUE ST,-75.1592210291663,40.0473304547096,Green,6/20/2013,Philadelphia,PA,4/15/2015
NNW,587,NNW-2900587,5530 MATTHEWS ST,-75.15891420990749,40.0479419665582,Green,6/20/2013,Philadelphia,PA,4/15/2015
W,262,W-140262,5527 JEFFERSON ST,-75.2330983676121,39.9790264809116,Green,4/20/2013,Philadelphia,PA,4/15/2015
W,199,W-100199,5527 BEAUMONT ST,-75.2284794509107,39.9412462917022,No Tx,4/20/2013,Philadelphia,PA,4/15/2015
W,262,W-140262,5525 JEFFERSON ST,-75.23304566919769,39.9790345233582,Green,4/20/2013,Philadelphia,PA,4/15/2015
W,199,W-100199,5525 BEAUMONT ST,-75.2284358546371,39.9412751976563,No Tx,4/20/2013,Philadelphia,PA,4/15/2015
W,262,W-140262,5523 JEFFERSON ST,-75.2329935376201,39.9790374911479,Green,4/20/2013,Philadelphia,PA,4/15/2015
W,199,W-100199,5523 BEAUMONT ST,-75.22839293327399,39.9413054223909,No Tx,4/20/2013,Philadelphia,PA,4/15/2015
W,262,W-140262,5521 JEFFERSON ST,-75.23294196130141,39.9790454997133,Green,4/20/2013,Philadelphia,PA,4/15/2015
W,199,W-100199,5521 BEAUMONT ST,-75.22834813512419,39.9413367347614,No Tx,4/20/2013,Philadelphia,PA,4/15/2015
W,199,W-100199,5519 BEAUMONT ST,-75.2283046551093,39.9413673841822,No Tx,4/20/2013,Philadelphia,PA,4/15/2015
S,4201,S-274201,530 DICKINSON ST,-75.15467464620011,39.9297676533967,No Tx,4/17/2013,Philadelphia,PA,4/15/2015
S,209,S-04209,523 CANTRELL ST,-75.1560065162117,39.9222562671402,No Tx,4/16/2013,Philadelphia,PA,4/15/2015
S,209,S-04209,522 CANTRELL ST,-75.1560790687526,39.9220454815159,No Tx,4/16/2013,Philadelphia,PA,4/15/2015
S,4201,S-274201,518 DICKINSON ST,-75.1543318666089,39.9297224959295,No Tx,4/17/2013,Philadelphia,PA,4/15/2015
W,609,W-120609,5144 FUNSTON ST,-75.22362046126131,39.9658188373466,No Tx,4/20/2013,Philadelphia,PA,4/15/2015
W,609,W-120609,5140 FUNSTON ST,-75.2235166518456,39.9658366267845,No Tx,4/20/2013,Philadelphia,PA,4/15/2015
W,177,W-090177,5139 MASTER ST,-75.2255590543141,39.9745638698504,Green,4/20/2013,Philadelphia,PA,4/15/2015
W,177,W-090177,5137 MASTER ST,-75.2254953985172,39.9745686643808,Green,4/20/2013,Philadelphia,PA,4/15/2015
W,177,W-090177,5134 HARLAN ST,-75.225407106067,39.9748103276273,Green,4/20/2013,Philadelphia,PA,4/15/2015
W,177,W-090177,5132 HARLAN ST,-75.2252772624356,39.9748163539245,Green,4/20/2013,Philadelphia,PA,4/15/2015
W,609,W-120609,5122 RENO ST,-75.22310156248361,39.9663038374508,No Tx,4/20/2013,Philadelphia,PA,4/15/2015
W,609,W-120609,5108 FUNSTON ST,-75.2226906004978,39.9659761800983,No Tx,4/20/2013,Philadelphia,PA,4/15/2015
W,609,W-120609,5106 FUNSTON ST,-75.22263882635809,39.9659847784762,No Tx,4/20/2013,Philadelphia,PA,4/15/2015
NNE,158,NNE-200158,500-02 DIAMOND ST,-75.1424047200001,39.982711757714,No Tx,4/17/2013,Philadelphia,PA,4/15/2015
W,10,W-020010,4813 REINHARD ST,-75.21460185705899,39.9430500688781,Green,4/17/2013,Philadelphia,PA,4/15/2015
W,10,W-020010,4811 REINHARD ST,-75.2145486822245,39.9430642391491,Green,4/17/2013,Philadelphia,PA,4/15/2015
NNW,250,NNW-1800250,47 E SHARPNACK ST,-75.183083474307,40.0504375653866,No Tx,4/19/2013,Philadelphia,PA,4/15/2015
W,6,W-01006,4668 LINMORE AVE,-75.2099343660701,39.9427439340684,Placebo/mow,4/16/2013,Philadelphia,PA,4/15/2015
W,6,W-01006,4666 LINMORE AVE,-75.2098588550127,39.9427243389942,Placebo/mow,4/16/2013,Philadelphia,PA,4/15/2015
W,6,W-01006,4662 LINMORE AVE,-75.20975598501251,39.9427278950611,Placebo/mow,4/16/2013,Philadelphia,PA,4/15/2015
W,6,W-01006,4660 LINMORE AVE,-75.2097055306065,39.9427301965152,Placebo/mow,4/16/2013,Philadelphia,PA,4/15/2015
W,6,W-01006,4658 LINMORE AVE,-75.20965615992409,39.9427318187241,Placebo/mow,4/16/2013,Philadelphia,PA,4/15/2015
W,6,W-01006,4656 LINMORE AVE,-75.2096048695915,39.9427333418887,Placebo/mow,4/16/2013,Philadelphia,PA,4/15/2015
NNE,441,NNE-270441,4438 ELIZABETH ST,-75.0902039199793,40.0152619755609,Green,4/19/2013,Philadelphia,PA,4/15/2015
NNE,441,NNE-270441,4436 ELIZABETH ST,-75.0902550003229,40.0152377849247,Green,4/19/2013,Philadelphia,PA,4/15/2015
NNE,441,NNE-270441,4434 ELIZABETH ST,-75.0903067056352,40.0152149253023,Green,4/19/2013,Philadelphia,PA,4/15/2015
NNE,460,NNE-130460,4432 N 04TH ST,-75.1327439113745,40.0187065079994,Placebo/mow,4/16/2013,Philadelphia,PA,4/15/2015
NNE,460,NNE-130460,4426-30 N 04TH ST,-75.1327635318615,40.0186157655585,Placebo/mow,4/16/2013,Philadelphia,PA,4/15/2015
S,18621,S-0518621,433 SIGEL ST,-75.1538652303858,39.9255457586763,Placebo/mow,4/16/2013,Philadelphia,PA,4/15/2015
W,601,W-110601,4312 PENNSGROVE ST,-75.2107165949876,39.9701505475553,Placebo/mow,4/17/2013,Philadelphia,PA,4/15/2015
W,601,W-110601,4310 PENNSGROVE ST,-75.21066236847621,39.9701563233903,Placebo/mow,4/17/2013,Philadelphia,PA,4/15/2015
S,18621,S-0518621,431 SIGEL ST,-75.1538150501741,39.9255260260799,Placebo/mow,4/16/2013,Philadelphia,PA,4/15/2015
S,18621,S-0518621,430 SIGEL ST,-75.1539171926799,39.9253302799847,Placebo/mow,4/16/2013,Philadelphia,PA,4/15/2015
W,355,W-180355,4227 OGDEN ST,-75.20892231240499,39.9690546203123,No Tx,4/17/2013,Philadelphia,PA,4/15/2015
W,355,W-180355,4226 OGDEN ST,-75.20884791604939,39.9686855041934,No Tx,4/17/2013,Philadelphia,PA,4/15/2015
W,355,W-180355,4225 OGDEN ST,-75.2088582488074,39.9690610737377,No Tx,4/17/2013,Philadelphia,PA,4/15/2015
W,355,W-180355,4223 OGDEN ST,-75.2087983766602,39.9690676270977,No Tx,4/17/2013,Philadelphia,PA,4/15/2015
NNW,127,NNW-1200127,421 E ASHMEAD ST,-75.1625133521773,40.035820787098,Placebo/mow,4/18/2013,Philadelphia,PA,4/15/2015
NNW,127,NNW-1200127,419 E ASHMEAD ST,-75.1627262891793,40.0357492446164,Placebo/mow,4/18/2013,Philadelphia,PA,4/15/2015
NNW,127,NNW-1200127,417 E ASHMEAD ST,-75.1625108727001,40.035738132192,Placebo/mow,4/18/2013,Philadelphia,PA,4/15/2015
W,456,W-220456,4134 WESTMINSTER AVE,-75.20695942060139,39.9699715572757,Green,4/20/2013,Philadelphia,PA,4/15/2015
W,456,W-220456,4117 WESTMINSTER AVE,-75.20643005390841,39.9704471732283,Green,4/20/2013,Philadelphia,PA,4/15/2015
W,325,W-150325,4035 POPLAR ST,-75.205237977248,39.9727995925534,No Tx,4/20/2013,Philadelphia,PA,4/15/2015
W,325,W-150325,4022 CAMBRIDGE ST,-75.2049100448624,39.9731325146832,No Tx,4/20/2013,Philadelphia,PA,4/15/2015
W,325,W-150325,4020 CAMBRIDGE ST,-75.2048608520454,39.973138400308,No Tx,4/20/2013,Philadelphia,PA,4/15/2015
W,325,W-150325,4018 CAMBRIDGE ST,-75.20481221215741,39.9731448221094,No Tx,4/20/2013,Philadelphia,PA,4/15/2015
W,418,W-210418,3868 MOUNT VERNON ST,-75.1992888015163,39.9636865358403,Placebo/mow,4/17/2013,Philadelphia,PA,4/15/2015
W,418,W-210418,3860 MOUNT VERNON ST,-75.1990910388888,39.9637078785357,Placebo/mow,4/17/2013,Philadelphia,PA,4/15/2015
W,418,W-210418,3858 MOUNT VERNON ST,-75.19904122801729,39.963713704434,Placebo/mow,4/17/2013,Philadelphia,PA,4/15/2015
W,418,W-210418,3828 MOUNT VERNON ST,-75.19829649370131,39.9637925403798,Placebo/mow,4/17/2013,Philadelphia,PA,4/15/2015
W,170,W-080170,3714 ASPEN ST,-75.1974636981753,39.9667163473855,Placebo/mow,4/17/2013,Philadelphia,PA,4/15/2015
W,170,W-080170,3712 ASPEN ST,-75.19741358616329,39.9667225344518,Placebo/mow,4/17/2013,Philadelphia,PA,4/15/2015
W,170,W-080170,3708 ASPEN ST,-75.19720162789039,39.9667644317085,Placebo/mow,4/16/2013,Philadelphia,PA,4/15/2015
W,170,W-080170,3706 ASPEN ST,-75.19714378947241,39.9667687987486,Placebo/mow,4/16/2013,Philadelphia,PA,4/15/2015
W,170,W-080170,3704 ASPEN ST,-75.1970972192848,39.9667771499506,Placebo/mow,4/16/2013,Philadelphia,PA,4/15/2015
W,915,W-260915,3610 HAVERFORD AVE,-75.1949658270391,39.9634997619281,No Tx,4/20/2013,Philadelphia,PA,4/15/2015
W,915,W-260915,3608 HAVERFORD AVE,-75.1949043702362,39.9634752599835,No Tx,4/20/2013,Philadelphia,PA,4/15/2015
W,915,W-260915,3606 HAVERFORD AVE,-75.19484539114249,39.9634815466919,No Tx,4/20/2013,Philadelphia,PA,4/15/2015
W,915,W-260915,3604 HAVERFORD AVE,-75.1947854363879,39.9634862207017,No Tx,4/20/2013,Philadelphia,PA,4/15/2015
W,834,W-200834,317 N 41ST ST,-75.2050115627486,39.9594636135327,Green,4/20/2013,Philadelphia,PA,4/15/2015
W,834,W-200834,315 N 41ST ST,-75.20500325964559,39.9593945649836,Green,4/20/2013,Philadelphia,PA,4/15/2015
NNE,113,NNE-150113,3138 N 08TH ST,-75.14378697119611,39.9996521307774,Placebo/mow,4/16/2013,Philadelphia,PA,4/15/2015
NNE,113,NNE-150113,3136 N 08TH ST,-75.1437958140736,39.9996122806983,Placebo/mow,4/16/2013,Philadelphia,PA,4/15/2015
NNE,113,NNE-150113,3104 N 08TH ST,-75.14393723425709,39.9989761746677,Placebo/mow,4/16/2013,Philadelphia,PA,4/15/2015
NNE,113,NNE-150113,3102 N 08TH ST,-75.1439465074934,39.9989364334765,Placebo/mow,4/16/2013,Philadelphia,PA,4/15/2015
NNE,113,NNE-150113,3100 N 08TH ST,-75.1439565734286,39.9988947113669,Placebo/mow,4/16/2013,Philadelphia,PA,4/15/2015
W,834,W-200834,303 N 41ST ST,-75.2049401380274,39.9591015878294,Green,4/20/2013,Philadelphia,PA,4/15/2015
NNE,120,NNE-180120,2904 Gransback,-75.12184684977061,39.9930755372744,Green,4/19/2013,Philadelphia,PA,4/15/2015
NNE,120,NNE-180120,2904 D ST/2900? D instead,-75.1223300221597,39.9933741930648,Green,4/19/2013,Philadelphia,PA,4/15/2015
NNE,120,NNE-180120,2903 D ST,-75.122015933588,39.9930497249261,Green,4/19/2013,Philadelphia,PA,4/15/2015
NNE,120,NNE-180120,2902 Gransback,-75.1218442635208,39.993026969712,Green,4/19/2013,Philadelphia,PA,4/15/2015
NNE,120,NNE-180120,2902 D ST,-75.1223118301788,39.9933115570952,Green,4/19/2013,Philadelphia,PA,4/15/2015
NNE,120,NNE-180120,2901 D ST,-75.1220402906267,39.9930048787724,Green,4/19/2013,Philadelphia,PA,4/15/2015
NNE,120,NNE-180120,2900 Gransback,-75.1218687399423,39.9929819855581,Green,4/19/2013,Philadelphia,PA,4/15/2015
S,1175,S-161175,2845 JACKSON ST,-75.19402343697899,39.9263866911964,Green,4/15/2013,Philadelphia,PA,4/15/2015
S,1175,S-161175,2841 JACKSON ST,-75.1939260465176,39.9263739347259,Green,4/15/2013,Philadelphia,PA,4/15/2015
S,1175,S-161175,2839 JACKSON ST,-75.1938767311968,39.9263680352498,Green,4/15/2013,Philadelphia,PA,4/15/2015
NNW,112,NNW-1000112,2821 JUDSON ST,-75.1695771039073,39.9980753834671,Green,4/18/2013,Philadelphia,PA,4/15/2015
NNE,16,NNE-040016,2819 N Hutchinson St,-75.1462126969836,39.9949837858426,Green,4/19/2013,Philadelphia,PA,4/15/2015
NNW,112,NNW-1000112,2819 JUDSON ST,-75.1695860318227,39.998033320641,Green,4/18/2013,Philadelphia,PA,4/15/2015
NNW,112,NNW-1000112,2817 JUDSON ST,-75.1695949222931,39.9979932472216,Green,4/18/2013,Philadelphia,PA,4/15/2015
S,1175,S-161175,2812 JACKSON ST,-75.19334684180021,39.9259186107009,Green,4/15/2013,Philadelphia,PA,4/15/2015
S,1175,S-161175,2801 Jackson ST,-75.19285749680709,39.9266248738431,Green,4/15/2013,Philadelphia,PA,4/15/2015
NNW,112,NNW-1000112,2769 JUDSON ST,-75.16973082283189,39.9974147840239,Green,4/18/2013,Philadelphia,PA,4/15/2015
NNW,72,NNW-0600072,2762 N 15TH ST,-75.15632598457699,39.9955746876581,Green,4/18/2013,Philadelphia,PA,4/15/2015
NNW,72,NNW-0600072,2760 N 15TH ST,-75.15629786404971,39.9955347604796,Green,4/18/2013,Philadelphia,PA,4/15/2015
NNW,72,NNW-0600072,2758 N 15TH ST,-75.1562723065268,39.9954948341511,Green,4/18/2013,Philadelphia,PA,4/15/2015
NNE,193,NNE-240193,2738 N FRONT ST,-75.13087483604259,39.9920636339816,No Tx,4/17/2013,Philadelphia,PA,4/15/2015
S,287,S-060287,2734 OAKFORD ST,-75.1896510266194,39.9379885398359,No Tx,4/16/2013,Philadelphia,PA,4/15/2015
NNW,429,NNW-2600429,2724 W EYRE ST,-75.1794853556749,39.9824527094838,Placebo/mow,4/19/2013,Philadelphia,PA,4/15/2015
NNW,429,NNW-2600429,2721 W EYRE ST,-75.1792792175878,39.9826679023391,Placebo/mow,4/19/2013,Philadelphia,PA,4/15/2015
S,287,S-060287,2720 OAKFORD ST,-75.18930961617821,39.9379438685728,No Tx,4/16/2013,Philadelphia,PA,4/15/2015
NNW,429,NNW-2600429,2719 W EYRE ST,-75.17922853484041,39.9826614005425,Placebo/mow,4/19/2013,Philadelphia,PA,4/15/2015
NNW,429,NNW-2600429,2714 W EYRE ST,-75.17912010367741,39.9823997971152,Placebo/mow,4/19/2013,Philadelphia,PA,4/15/2015
NNW,429,NNW-2600429,2712 W EYRE ST,-75.1790691544776,39.982393833515,Placebo/mow,4/19/2013,Philadelphia,PA,4/15/2015
S,287,S-060287,2706 FEDERAL ST,-75.1887811666972,39.938726796457,No Tx,4/16/2013,Philadelphia,PA,4/15/2015
S,287,S-060287,2701 MANTON ST,-75.18863560879301,39.9386364921866,No Tx,4/16/2013,Philadelphia,PA,4/15/2015
S,3801,S-263801,2630 TITAN ST,-75.18808821761731,39.9370791900562,Placebo/mow,4/17/2013,Philadelphia,PA,4/15/2015
S,3801,S-263801,2628 TITAN ST,-75.18804095484541,39.9370732950382,Placebo/mow,4/17/2013,Philadelphia,PA,4/15/2015
S,779,S-130779,2628 EARP ST,-75.1883213902825,39.9358858815961,Green,4/15/2013,Philadelphia,PA,4/15/2015
S,779,S-130779,2626 EARP ST,-75.1882723063046,39.935879742763,Green,4/15/2013,Philadelphia,PA,4/15/2015
S,779,S-130779,2624 EARP ST,-75.1882232264466,39.9358733418137,Green,4/15/2013,Philadelphia,PA,4/15/2015
S,3801,S-263801,2620 TITAN ST,-75.1878546354519,39.937049644588,Placebo/mow,4/17/2013,Philadelphia,PA,4/15/2015
S,3801,S-263801,2618 TITAN ST,-75.18780707338151,39.9370434696494,Placebo/mow,4/17/2013,Philadelphia,PA,4/15/2015
S,3801,S-263801,2616 TITAN ST,-75.1877598527448,39.9370372960207,Placebo/mow,4/17/2013,Philadelphia,PA,4/15/2015
S,3801,S-263801,2614 TITAN ST,-75.18771345286819,39.9370317780389,Placebo/mow,4/17/2013,Philadelphia,PA,4/15/2015
S,779,S-130779,2613 EARP ST,-75.18787362402649,39.9360547118151,Green,4/15/2013,Philadelphia,PA,4/15/2015
S,3801,S-263801,2611 TITAN ST,-75.18758009679659,39.9372207446079,Placebo/mow,4/17/2013,Philadelphia,PA,4/15/2015
S,779,S-130779,2610 EARP ST,-75.1878809297846,39.9358289702027,Green,4/15/2013,Philadelphia,PA,4/15/2015
S,3801,S-263801,2609 TITAN ST,-75.18753563312519,39.9372155528322,Placebo/mow,4/17/2013,Philadelphia,PA,4/15/2015
S,779,S-130779,2608 EARP ST,-75.187831142451,39.9358218973959,Green,4/15/2013,Philadelphia,PA,4/15/2015
NNE,230,NNE-230230,2564 FRANKFORD AVE,-75.1247307582053,39.9848388439383,No Tx,4/17/2013,Philadelphia,PA,4/15/2015
NNE,230,NNE-230230,2562 FRANKFORD AVE,-75.1247640023348,39.9847981138285,No Tx,4/17/2013,Philadelphia,PA,4/15/2015
NNE,230,NNE-230230,2560 FRANKFORD AVE,-75.1247569115029,39.9847449202812,No Tx,4/17/2013,Philadelphia,PA,4/15/2015
NNW,101,NNW-0800101,2543 W ARIZONA ST,-75.17455183885799,39.9915358113621,Green,4/19/2013,Philadelphia,PA,4/15/2015
NNE,296,NNE-250296,2542 N FAIRHILL ST,-75.14215080616469,39.9902424165958,No Tx,4/17/2013,Philadelphia,PA,4/15/2015
NNW,101,NNW-0800101,2541 W ARIZONA ST,-75.1745093080971,39.9915307353234,Green,4/19/2013,Philadelphia,PA,4/15/2015
NNW,101,NNW-0800101,2539 W ARIZONA ST,-75.1744671142835,39.9915257826218,Green,4/19/2013,Philadelphia,PA,4/15/2015
NNW,101,NNW-0800101,2537 W ARIZONA ST,-75.1744253935892,39.9915196105566,Green,4/19/2013,Philadelphia,PA,4/15/2015
NNW,598,NNW-160598,2536 N 24TH ST,-75.1714291409656,39.9939869127285,Placebo/mow,4/19/2013,Philadelphia,PA,4/15/2015
NNW,101,NNW-0800101,2535 W ARIZONA ST,-75.17438297252011,39.9915148917003,Green,4/19/2013,Philadelphia,PA,4/15/2015
S,393,S-100393,2535 ANNIN ST,-75.1861780927976,39.939012847897,Green,4/15/2013,Philadelphia,PA,4/15/2015
NNW,101,NNW-0800101,2533 W ARIZONA ST,-75.1743408168132,39.991509713491,Green,4/19/2013,Philadelphia,PA,4/15/2015
NNW,101,NNW-0800101,2532 W ARIZONA ST,-75.1743682210053,39.9913048514204,Green,4/19/2013,Philadelphia,PA,4/15/2015
NNW,101,NNW-0800101,2531 W ARIZONA ST,-75.1742995870672,39.9915042322862,Green,4/19/2013,Philadelphia,PA,4/15/2015
S,393,S-100393,2531 ANNIN ST,-75.1860882850867,39.9390014455588,Green,4/15/2013,Philadelphia,PA,4/15/2015
NNW,101,NNW-0800101,2529 W ARIZONA ST,-75.1742546912877,39.9914982123682,Green,4/19/2013,Philadelphia,PA,4/15/2015
S,393,S-100393,2529 ANNIN ST,-75.18604228003829,39.9389956692854,Green,4/15/2013,Philadelphia,PA,4/15/2015
NNW,101,NNW-0800101,2527 W ARIZONA ST,-75.17421341949129,39.9914932099459,Green,4/19/2013,Philadelphia,PA,4/15/2015
S,393,S-100393,2527 ANNIN ST,-75.1859966306391,39.9389901857906,Green,4/15/2013,Philadelphia,PA,4/15/2015
NNW,155,NNW-1400155,2526 N STANLEY ST,-75.1819053520726,39.9949271392767,Green,4/19/2013,Philadelphia,PA,4/15/2015
S,393,S-100393,2525 ANNIN ST,-75.185951025939,39.9389843660187,Green,4/15/2013,Philadelphia,PA,4/15/2015
NNW,155,NNW-1400155,2524 N STANLEY ST,-75.1819135245064,39.9948889653647,Green,4/19/2013,Philadelphia,PA,4/15/2015
S,393,S-100393,2523 ANNIN ST,-75.185905331442,39.9389791884454,Green,4/15/2013,Philadelphia,PA,4/15/2015
NNE,82,NNE-100082,2522 N 09TH ST,-75.1469187748678,39.9903073447431,Placebo/mow,4/16/2013,Philadelphia,PA,4/15/2015
S,393,S-100393,2521 ANNIN ST,-75.1858600426918,39.9389730040579,Green,4/15/2013,Philadelphia,PA,4/15/2015
NNE,82,NNE-100082,2520 N 09TH ST,-75.1469069157622,39.9902662007711,Placebo/mow,4/16/2013,Philadelphia,PA,4/15/2015
S,393,S-100393,2519 ANNIN ST,-75.1858149056022,39.9389670792132,Green,4/15/2013,Philadelphia,PA,4/15/2015
NNE,82,NNE-100082,2518 N 09TH ST,-75.1468964814683,39.9902236637871,Placebo/mow,4/16/2013,Philadelphia,PA,4/15/2015
NNW,155,NNW-1400155,2516 N STANLEY ST,-75.1819473593505,39.9947351598327,Green,4/19/2013,Philadelphia,PA,4/15/2015
NNE,82,NNE-100082,2516 N 09TH ST,-75.1468838516562,39.9901806432454,Placebo/mow,4/16/2013,Philadelphia,PA,4/15/2015
S,393,S-100393,2515 ANNIN ST,-75.1857237368839,39.9389554595132,Green,4/15/2013,Philadelphia,PA,4/15/2015
NNE,422,NNE-010422,2450 N CLARION ST,-75.1537200613249,39.9902057270862,No Tx,4/16/2013,Philadelphia,PA,4/15/2015
NNE,422,NNE-010422,2448 N CLARION ST,-75.15372861800449,39.9901682318351,No Tx,4/16/2013,Philadelphia,PA,4/15/2015
NNE,422,NNE-010422,2447 N CLARION ST,-75.1535016048642,39.9900981818931,No Tx,4/16/2013,Philadelphia,PA,4/15/2015
NNE,422,NNE-010422,2446 N CLARION ST,-75.15373652835279,39.9901319979016,No Tx,4/16/2013,Philadelphia,PA,4/15/2015
NNE,422,NNE-010422,2444 N CLARION ST,-75.1537438705185,39.9900971530137,No Tx,4/16/2013,Philadelphia,PA,4/15/2015
NNW,155,NNW-1400155,2442 N CORLIES ST,-75.1817230734358,39.9936519662551,Green,4/19/2013,Philadelphia,PA,4/15/2015
NNE,422,NNE-010422,2439 N CLARION ST,-75.153533851822,39.9899477295005,No Tx,4/16/2013,Philadelphia,PA,4/15/2015
NNE,422,NNE-010422,2435 N CLARION ST,-75.15355090155209,39.989872172527,No Tx,4/16/2013,Philadelphia,PA,4/15/2015
NNE,422,NNE-010422,2433 N CLARION ST,-75.153559031565,39.9898342939589,No Tx,4/16/2013,Philadelphia,PA,4/15/2015
S,1858,S-191858,2411 WHARTON ST,-75.18428971769841,39.9364656355945,Green,4/15/2013,Philadelphia,PA,4/15/2015
S,1858,S-191858,2409 WHARTON ST,-75.1842343206509,39.9364537524013,Green,4/15/2013,Philadelphia,PA,4/15/2015
NNW,598,NNW-160598,2408 W SERGEANT ST,-75.1715806556808,39.993795468963,Placebo/mow,4/19/2013,Philadelphia,PA,4/15/2015
S,1858,S-191858,2407 WHARTON ST,-75.1841765750258,39.9364467993202,Green,4/15/2013,Philadelphia,PA,4/15/2015
S,1858,S-191858,2403 WHARTON ST,-75.184064593016,39.9364315462479,Green,4/15/2013,Philadelphia,PA,4/15/2015
S,1858,S-191858,2401 WHARTON ST,-75.18400829190431,39.9364240406085,Green,4/15/2013,Philadelphia,PA,4/15/2015
NNW,738,NNW-2700738,2401 N CLEVELAND ST,-75.1623317482359,39.9903263567322,No Tx,4/19/2013,Philadelphia,PA,4/15/2015
NNW,162,NNW-1500162,2401-05 W SEDGLEY AVE,-75.1724520458076,39.9906407893034,Placebo/mow,4/18/2013,Philadelphia,PA,4/15/2015
NNW,598,NNW-160598,2400 W SERGEANT ST,-75.1713759732929,39.9937683756886,Placebo/mow,4/19/2013,Philadelphia,PA,4/15/2015
NNW,738,NNW-2700738,2400 N CLEVELAND ST,-75.16261383775981,39.9903641318509,No Tx,4/19/2013,Philadelphia,PA,4/15/2015
NNW,738,NNW-2700738,2367 N CLEVELAND ST,-75.1624000492556,39.9901148196373,No Tx,4/19/2013,Philadelphia,PA,4/15/2015
NNW,738,NNW-2700738,2366 N CLEVELAND ST,-75.1626709297836,39.9901502642935,No Tx,4/19/2013,Philadelphia,PA,4/15/2015
S,796,S-140796,2351 GERRITT ST,-75.1839934512048,39.9346793924488,Placebo/mow,4/16/2013,Philadelphia,PA,4/15/2015
NNW,738,NNW-2700738,2350 N 18TH ST,-75.1622289692078,39.989868640201,No Tx,4/19/2013,Philadelphia,PA,4/15/2015
NNE,544,NNE-220544,2348 N PARK AVE,-75.1545833031292,39.9889335309182,No Tx,4/17/2013,Philadelphia,PA,4/15/2015
NNW,738,NNW-2700738,2348 N 18TH ST,-75.1622383166508,39.9898271522718,No Tx,4/19/2013,Philadelphia,PA,4/15/2015
NNW,302,NNW-2200302,2347 N 20TH ST,-75.16498224053851,39.9901086939775,Green,4/18/2013,Philadelphia,PA,4/15/2015
NNW,738,NNW-2700738,2346 N 18TH ST,-75.1622470330678,39.9897862883756,No Tx,4/19/2013,Philadelphia,PA,4/15/2015
NNW,162,NNW-1500162,2345 N 24TH ST,-75.1716374592058,39.9911907135598,Placebo/mow,4/18/2013,Philadelphia,PA,4/15/2015
NNW,302,NNW-2200302,2345 N 20TH ST,-75.1649910109583,39.9900676920903,Green,4/18/2013,Philadelphia,PA,4/15/2015
S,796,S-140796,2343 GERRITT ST,-75.1837949689323,39.9346540637805,Placebo/mow,4/16/2013,Philadelphia,PA,4/15/2015
NNW,70,NNW-0500070,2342 W MONTGOMERY AVE,-75.1735085705042,39.982115921005,No Tx,4/18/2013,Philadelphia,PA,4/15/2015
NNE,544,NNE-220544,2340 N PARK AVE,-75.15462312002229,39.9887500675746,No Tx,4/17/2013,Philadelphia,PA,4/15/2015
NNW,302,NNW-2200302,2339 N 20TH ST,-75.165013816486,39.9899456435504,Green,4/18/2013,Philadelphia,PA,4/15/2015
NNW,302,NNW-2200302,2337 N 20TH ST,-75.1650234265966,39.9899041230254,Green,4/18/2013,Philadelphia,PA,4/15/2015
NNW,302,NNW-2200302,2335 N 20TH ST,-75.1650356650119,39.9898629513855,Green,4/18/2013,Philadelphia,PA,4/15/2015
NNW,302,NNW-2200302,2333 N 20TH ST,-75.16504448095191,39.9898217720542,Green,4/18/2013,Philadelphia,PA,4/15/2015
NNW,162,NNW-1500162,2331 W SEDGLEY AVE,-75.1715364388311,39.9910869664371,Placebo/mow,4/18/2013,Philadelphia,PA,4/15/2015
NNW,162,NNW-1500162,2329 W SEDGLEY AVE,-75.1715117925239,39.99113164662,Placebo/mow,4/18/2013,Philadelphia,PA,4/15/2015
S,796,S-140796,2329 GERRITT ST,-75.1834493438387,39.9346083786225,Placebo/mow,4/16/2013,Philadelphia,PA,4/15/2015
NNW,57,NNW-040057,2328 SHARSWOOD ST,-75.1742625209274,39.9770479345592,Placebo/mow,4/18/2013,Philadelphia,PA,4/15/2015
NNW,162,NNW-1500162,2327 W SEDGLEY AVE,-75.17146813021,39.991145795488,Placebo/mow,4/18/2013,Philadelphia,PA,4/15/2015
NNW,57,NNW-040057,2326 SHARSWOOD ST,-75.174212301781,39.9770414072883,Placebo/mow,4/18/2013,Philadelphia,PA,4/15/2015
NNW,282,NNW-2000282,2326 N BEECHWOOD ST,-75.16832122274501,39.9900766211812,Placebo/mow,4/19/2013,Philadelphia,PA,4/15/2015
NNE,544,NNE-220544,2325 N PARK AVE,-75.1541442514945,39.9883113363933,No Tx,4/17/2013,Philadelphia,PA,4/15/2015
NNW,598,NNW-160598,2323-25 W SERGEANT ST,-75.17047943764589,39.9939219812201,Placebo/mow,4/18/2013,Philadelphia,PA,4/15/2015
NNW,162,NNW-1500162,2323-25 W SEDGLEY AVE,-75.1713934905648,39.9911553720145,Placebo/mow,4/18/2013,Philadelphia,PA,4/15/2015
NNW,57,NNW-040057,2322 SHARSWOOD ST,-75.17411128146711,39.9770286086624,Placebo/mow,4/18/2013,Philadelphia,PA,4/15/2015
NNW,282,NNW-2000282,2320 N BEECHWOOD ST,-75.1683465652288,39.9899591815798,Placebo/mow,4/19/2013,Philadelphia,PA,4/15/2015
S,3592,S-253592,2318 TASKER ST,-75.1836924183078,39.9323048595167,Placebo/mow,4/17/2013,Philadelphia,PA,4/15/2015
NNW,112,NNW-1000112,2315 W SOMERSET ST,-75.16943115082699,39.9977125979288,Green,4/18/2013,Philadelphia,PA,4/15/2015
NNW,57,NNW-040057,2315 SHARSWOOD ST,-75.1738653573033,39.9772435178183,Placebo/mow,4/18/2013,Philadelphia,PA,4/15/2015
S,796,S-140796,2314 GERRITT ST,-75.1831520948507,39.9343468827276,Placebo/mow,4/16/2013,Philadelphia,PA,4/15/2015
NNW,57,NNW-040057,2313 SHARSWOOD ST,-75.1738176549092,39.9772374393142,Placebo/mow,4/18/2013,Philadelphia,PA,4/15/2015
S,796,S-140796,2312 GERRITT ST,-75.18310246446011,39.9343394898051,Placebo/mow,4/16/2013,Philadelphia,PA,4/15/2015
NNW,57,NNW-040057,2311 SHARSWOOD ST,-75.173769533,39.9772314421009,Placebo/mow,4/18/2013,Philadelphia,PA,4/15/2015
NNW,282,NNW-2000282,2310 N 21ST ST,-75.16744008839549,39.9896761791947,Placebo/mow,4/19/2013,Philadelphia,PA,4/15/2015
S,796,S-140796,2310 GERRITT ST,-75.18305382928079,39.9343335967936,Placebo/mow,4/16/2013,Philadelphia,PA,4/15/2015
NNW,57,NNW-040057,2309 SHARSWOOD ST,-75.1737224828375,39.9772252552004,Placebo/mow,4/18/2013,Philadelphia,PA,4/15/2015
NNE,544,NNE-220544,2309 N PARK AVE,-75.15422630907049,39.987941051908,No Tx,4/17/2013,Philadelphia,PA,4/15/2015
S,796,S-140796,2309 GERRITT ST,-75.1829568957866,39.934544488181,Placebo/mow,4/16/2013,Philadelphia,PA,4/15/2015
NNW,282,NNW-2000282,2308 N 21ST ST,-75.1674478339022,39.9896348056795,Placebo/mow,4/19/2013,Philadelphia,PA,4/15/2015
S,796,S-140796,2308 GERRITT ST,-75.1830054317406,39.9343269944258,Placebo/mow,4/16/2013,Philadelphia,PA,4/15/2015
S,3183,S-243183,2224 SEARS ST,-75.18147239208039,39.9353822823387,Green,4/15/2013,Philadelphia,PA,4/15/2015
S,3183,S-243183,2223 LATONA ST,-75.18116000129309,39.9367462416047,Green,4/15/2013,Philadelphia,PA,4/15/2015
S,3183,S-243183,2221 LATONA ST,-75.18111067731139,39.9367394950529,Green,4/15/2013,Philadelphia,PA,4/15/2015
S,3183,S-243183,2220 SEARS ST,-75.18137364054721,39.9353684337685,Green,4/15/2013,Philadelphia,PA,4/15/2015
NNE,48,NNE-070048,2159 N ORIANNA ST,-75.13949413562941,39.9836273414543,No Tx,4/16/2013,Philadelphia,PA,4/15/2015
NNE,48,NNE-070048,2157 N ORIANNA ST,-75.13950096510349,39.9835941349213,No Tx,4/16/2013,Philadelphia,PA,4/15/2015
NNE,494,NNE-170494,2156 E STELLA ST,-75.11409366862409,39.988632872058,Placebo/mow,4/17/2013,Philadelphia,PA,4/15/2015
NNE,48,NNE-070048,2155 N ORIANNA ST,-75.1395070013845,39.983561762476,No Tx,4/16/2013,Philadelphia,PA,4/15/2015
NNE,494,NNE-170494,2154 E STELLA ST,-75.11411718526701,39.9886670997671,Placebo/mow,4/17/2013,Philadelphia,PA,4/15/2015
NNE,48,NNE-070048,2153 N ORIANNA ST,-75.13951402320851,39.9835293337572,No Tx,4/16/2013,Philadelphia,PA,4/15/2015
NNE,50,NNE-080050,2152-58 N MARSHALL ST,-75.14496916024839,39.9844276176881,Green,4/18/2013,Philadelphia,PA,4/15/2015
NNE,48,NNE-070048,2151 N ORIANNA ST,-75.1395212739462,39.9834963970541,No Tx,4/16/2013,Philadelphia,PA,4/15/2015
NNE,494,NNE-170494,2150 E STELLA ST,-75.1141654312143,39.988734572741,Placebo/mow,4/17/2013,Philadelphia,PA,4/15/2015
NNE,48,NNE-070048,2149 N ORIANNA ST,-75.1395285436531,39.9834634814308,No Tx,4/16/2013,Philadelphia,PA,4/15/2015
NNE,48,NNE-070048,2147 N ORIANNA ST,-75.13953497579971,39.9834307420322,No Tx,4/16/2013,Philadelphia,PA,4/15/2015
NNE,48,NNE-070048,2145 N ORIANNA ST,-75.1395430399437,39.9833980122056,No Tx,4/16/2013,Philadelphia,PA,4/15/2015
NNE,494,NNE-170494,2145 BELLMORE ST,-75.11425482130601,39.9885758869648,Placebo/mow,4/17/2013,Philadelphia,PA,4/15/2015
NNW,282,NNW-2000282,2144-46 W GLENWOOD AVE,-75.16839533419569,39.9905464543069,Placebo/mow,4/19/2013,Philadelphia,PA,4/15/2015
NNE,494,NNE-170494,2143 BELLMORE ST,-75.1142790630693,39.9886091289834,Placebo/mow,4/17/2013,Philadelphia,PA,4/15/2015
NNW,615,NNW-1700615,2142 CECIL B MOORE AVE,-75.1707465845047,39.9801508282747,No Tx,4/19/2013,Philadelphia,PA,4/15/2015
NNE,494,NNE-170494,2141 BELLMORE ST,-75.1143027295537,39.9886421767683,Placebo/mow,4/17/2013,Philadelphia,PA,4/15/2015
NNW,615,NNW-1700615,2140 CECIL B MOORE AVE,-75.17068488241701,39.9801464086251,No Tx,4/19/2013,Philadelphia,PA,4/15/2015
NNE,494,NNE-170494,2139 BELLMORE ST,-75.11432780313631,39.9886764204799,Placebo/mow,4/17/2013,Philadelphia,PA,4/15/2015
NNW,615,NNW-1700615,2138 CECIL B MOORE AVE,-75.1706258312861,39.9801326113585,No Tx,4/19/2013,Philadelphia,PA,4/15/2015
NNW,615,NNW-1700615,2136 CECIL B MOORE AVE,-75.1705719902219,39.9801137681779,No Tx,4/19/2013,Philadelphia,PA,4/15/2015
NNW,615,NNW-1700615,2134 CECIL B MOORE AVE,-75.17051356860701,39.9801054015905,No Tx,4/19/2013,Philadelphia,PA,4/15/2015
NNE,452,NNE-120452,2103 N FRANKLIN ST,-75.14621398627111,39.9834915301782,Green,4/18/2013,Philadelphia,PA,4/15/2015
S,2597,S-232597,2103 CROSS ST,-75.1798859374844,39.9325249692049,Green,4/15/2013,Philadelphia,PA,4/15/2015
S,2597,S-232597,2102 CROSS ST,-75.17992599999999,39.932309,Green,4/15/2013,Philadelphia,PA,4/15/2015
NNE,158,NNE-200158,2102-04 N 05TH ST,-75.142389234436,39.9831291171504,No Tx,4/17/2013,Philadelphia,PA,4/15/2015
NNE,452,NNE-120452,2101 N FRANKLIN ST,-75.1462230794092,39.9834484171581,Green,4/18/2013,Philadelphia,PA,4/15/2015
NNE,35,NNE-060035,2060 E AUBURN ST,-75.11844106457001,39.9883477323416,No Tx,4/16/2013,Philadelphia,PA,4/15/2015
NNW,731,NNW-2400731,2058 N VAN PELT ST,-75.1690532842412,39.9861185918257,Placebo/mow,4/19/2013,Philadelphia,PA,4/15/2015
NNW,731,NNW-2400731,2056 N VAN PELT ST,-75.1690681851632,39.9860428254146,Placebo/mow,4/19/2013,Philadelphia,PA,4/15/2015
NNW,423,NNW-2500423,2054 MASTER ST,-75.17013327415501,39.9757868638043,Placebo/mow,4/19/2013,Philadelphia,PA,4/15/2015
NNE,35,NNE-060035,2054 E AUBURN ST,-75.1185182751116,39.988442930222,No Tx,4/16/2013,Philadelphia,PA,4/15/2015
NNW,423,NNW-2500423,2052 MASTER ST,-75.1700770322996,39.9757790554614,Placebo/mow,4/19/2013,Philadelphia,PA,4/15/2015
NNE,35,NNE-060035,2052 E AUBURN ST,-75.1185451798743,39.9884752267391,No Tx,4/16/2013,Philadelphia,PA,4/15/2015
NNW,423,NNW-2500423,2050 MASTER ST,-75.1700228362059,39.9757719891131,Placebo/mow,4/19/2013,Philadelphia,PA,4/15/2015
NNE,35,NNE-060035,2050 E AUBURN ST,-75.1185721132385,39.988503743778,No Tx,4/16/2013,Philadelphia,PA,4/15/2015
NNW,423,NNW-2500423,2048 MASTER ST,-75.16996574516899,39.9757721516419,Placebo/mow,4/19/2013,Philadelphia,PA,4/15/2015
NNE,35,NNE-060035,2048 E AUBURN ST,-75.1185997952805,39.9885353944751,No Tx,4/16/2013,Philadelphia,PA,4/15/2015
NNE,452,NNE-120452,2039 N 08TH ST,-75.1470467478848,39.9828419099294,Green,4/17/2013,Philadelphia,PA,4/15/2015
NNW,7,NNW-010007,2037 W OXFORD ST,-75.16881647180939,39.9788148631119,Green,4/17/2013,Philadelphia,PA,4/15/2015
S,366,S-090366,2035 REED ST,-75.1786193405611,39.9344596774136,Placebo/mow,4/16/2013,Philadelphia,PA,4/15/2015
NNE,452,NNE-120452,2034 N Darien,-75.14789442846759,39.9829136232151,Green,4/17/2013,Philadelphia,PA,4/15/2015
S,366,S-090366,2033 REED ST,-75.17856147876449,39.9344524444029,Placebo/mow,4/16/2013,Philadelphia,PA,4/15/2015
NNE,452,NNE-120452,2032 N DARIEN ST,-75.1479028844989,39.9828769472487,Green,4/17/2013,Philadelphia,PA,4/15/2015
NNE,452,NNE-120452,2027 N 08TH ST,-75.14710261050099,39.9825898066624,Green,4/17/2013,Philadelphia,PA,4/15/2015
NNW,7,NNW-010007,2026 TURNER ST,-75.1686306280295,39.9789752359523,Green,4/17/2013,Philadelphia,PA,4/15/2015
NNW,7,NNW-010007,2024 TURNER ST,-75.1685802400437,39.9789684662666,Green,4/17/2013,Philadelphia,PA,4/15/2015
S,2399,S-212399,2023 OAKFORD ST,-75.1781284982621,39.9367886921806,Green,4/15/2013,Philadelphia,PA,4/15/2015
NNW,7,NNW-010007,2022 TURNER ST,-75.1685304293848,39.9789618623811,Green,4/17/2013,Philadelphia,PA,4/15/2015
S,2399,S-212399,2021 OAKFORD ST,-75.1780795318347,39.9367820385896,Green,4/15/2013,Philadelphia,PA,4/15/2015
S,2399,S-212399,2019 OAKFORD ST,-75.1780310897319,39.936776262379,Green,4/15/2013,Philadelphia,PA,4/15/2015
S,2399,S-212399,2017 OAKFORD ST,-75.1779823477474,39.936769358199,Green,4/15/2013,Philadelphia,PA,4/15/2015
NNW,731,NNW-2400731,2017 N VAN PELT ST,-75.16876074234931,39.9853727965619,Placebo/mow,4/19/2013,Philadelphia,PA,4/15/2015
W,855,W-280855,1944 S 65TH ST,-75.23737332947159,39.9278533109955,Green,6/4/2013,Philadelphia,PA,4/15/2015
W,855,W-280855,1942 S 65TH ST,-75.2374137195953,39.9278881883079,Green,6/4/2013,Philadelphia,PA,4/15/2015
W,855,W-280855,1940 S 65TH ST,-75.23745356724029,39.9279200607209,Green,6/4/2013,Philadelphia,PA,4/15/2015
W,855,W-280855,1938 S 65TH ST,-75.2374904965299,39.9279527181771,Green,6/4/2013,Philadelphia,PA,4/15/2015
W,855,W-280855,1936 S 65TH ST,-75.2375303413391,39.9279853074518,Green,6/4/2013,Philadelphia,PA,4/15/2015
NNE,11,NNE-030011,1924 E YORK ST,-75.1308432636098,39.9847269910077,Green,4/19/2013,Philadelphia,PA,4/15/2015
NNE,11,NNE-030011,1922 E YORK ST,-75.1308721691769,39.9847598805932,Green,4/19/2013,Philadelphia,PA,4/15/2015
NNE,11,NNE-030011,1920 E YORK ST,-75.13090170250921,39.9847931294193,Green,4/19/2013,Philadelphia,PA,4/15/2015
S,18621,S-0518621,1915 S 05TH ST,-75.15445220123431,39.9243761857529,Placebo/mow,4/16/2013,Philadelphia,PA,4/15/2015
S,18621,S-0518621,1913 S 05TH ST,-75.15440652555451,39.9245167823025,Placebo/mow,4/16/2013,Philadelphia,PA,4/15/2015
NNW,135,NNW-1300135,1911 N 23RD ST,-75.1715514057868,39.9839060799296,No Tx,4/18/2013,Philadelphia,PA,4/15/2015
NNW,135,NNW-1300135,1906R N CROSKEY ST,-75.17128392466149,39.9837692007595,No Tx,4/18/2013,Philadelphia,PA,4/15/2015
NNW,135,NNW-1300135,1900 N 23RD ST,-75.17207142861039,39.9837228330021,No Tx,4/18/2013,Philadelphia,PA,4/15/2015
NNW,135,NNW-1300135,1869 JUDSON ST,-75.17229448990039,39.9835766271609,No Tx,4/18/2013,Philadelphia,PA,4/15/2015
NNW,135,NNW-1300135,1867 JUDSON ST,-75.17230396666,39.983533869005,No Tx,4/18/2013,Philadelphia,PA,4/15/2015
NNW,669,NNW-2300669,1845 N 19TH ST,-75.1648568713309,39.9823667352908,Placebo/mow,4/19/2013,Philadelphia,PA,4/15/2015
S,18621,S-0518621,1827 S 05TH ST,-75.1542463297035,39.9251786317215,Placebo/mow,4/16/2013,Philadelphia,PA,4/15/2015
NNE,89,NNE-110089,180 MASTER ST,-75.138318571623,39.9722124412384,No Tx,4/15/2013,Philadelphia,PA,4/15/2015
NNW,70,NNW-0500070,1735 N 24TH ST,-75.17354900700199,39.9819375675808,No Tx,4/18/2013,Philadelphia,PA,4/15/2015
NNW,70,NNW-0500070,1733 N 24TH ST,-75.1735853655002,39.9818985635472,No Tx,4/18/2013,Philadelphia,PA,4/15/2015
S,2437,S-222437,1723 LATONA ST,-75.1728948178876,39.9358334919217,Placebo/mow,4/17/2013,Philadelphia,PA,4/15/2015
S,2437,S-222437,1719 LATONA ST,-75.1727859531351,39.9358202126279,Placebo/mow,4/16/2013,Philadelphia,PA,4/15/2015
S,2437,S-222437,1716 LATONA ST,-75.1730170884956,39.9356090115499,Placebo/mow,4/16/2013,Philadelphia,PA,4/15/2015
NNW,575,NNW-030575,1711 N 17TH ST,-75.16230189769909,39.9798751302281,Green,4/17/2013,Philadelphia,PA,4/15/2015
NNW,575,NNW-030575,1709 N 17TH ST,-75.1623130788178,39.9798267472473,Green,4/17/2013,Philadelphia,PA,4/15/2015
S,3592,S-253592,1703 S RINGGOLD ST,-75.18539034055669,39.9312977987849,Placebo/mow,4/17/2013,Philadelphia,PA,4/15/2015
S,3592,S-253592,1701 S RINGGOLD ST,-75.1853810625876,39.9313387950268,Placebo/mow,4/17/2013,Philadelphia,PA,4/15/2015
NNW,575,NNW-030575,1701-03 N 17TH ST,-75.162346556508,39.9796686069924,Green,4/17/2013,Philadelphia,PA,4/15/2015
W,642,W-130642,1679 N 56TH ST,-75.233693724891,39.9782840989155,No Tx,4/20/2013,Philadelphia,PA,4/15/2015
W,642,W-130642,1662 N 55TH ST,-75.2324896899069,39.9785996878512,No Tx,4/20/2013,Philadelphia,PA,4/15/2015
S,75,S-030075,1655 S TANEY ST,-75.18924821733771,39.9320058619882,Green,4/15/2013,Philadelphia,PA,4/15/2015
S,3592,S-253592,1655 S RINGGOLD ST,-75.18537418538421,39.9315150649991,Placebo/mow,4/17/2013,Philadelphia,PA,4/15/2015
S,75,S-030075,1654 S BAILEY ST,-75.18907563035251,39.9319841665992,Green,4/15/2013,Philadelphia,PA,4/15/2015
S,75,S-030075,1653 S TANEY ST,-75.1892395242828,39.9320467096169,Green,4/15/2013,Philadelphia,PA,4/15/2015
S,75,S-030075,1648 S BAILEY ST,-75.1890416844921,39.9321386269061,Green,4/15/2013,Philadelphia,PA,4/15/2015
NNW,517,NNW-020517,1629 W OXFORD ST,-75.1627168445408,39.9780558114527,Placebo/mow,4/17/2013,Philadelphia,PA,4/15/2015
S,75,S-030075,1629 S TANEY ST,-75.18914070121509,39.9325074040875,Green,4/15/2013,Philadelphia,PA,4/15/2015
S,75,S-030075,1628 S BAILEY ST,-75.1889675175016,39.9324859732032,Green,4/15/2013,Philadelphia,PA,4/15/2015
NNW,517,NNW-020517,1627 W OXFORD ST,-75.1626495685627,39.9780466188068,Placebo/mow,4/17/2013,Philadelphia,PA,4/15/2015
NNW,517,NNW-020517,1625 W OXFORD ST,-75.162582556375,39.9780380441193,Placebo/mow,4/17/2013,Philadelphia,PA,4/15/2015
NNW,517,NNW-020517,1623 W OXFORD ST,-75.16251608015121,39.9780288279254,Placebo/mow,4/17/2013,Philadelphia,PA,4/15/2015
S,75,S-030075,1618 S TANEY ST,-75.18937885128641,39.9327132820461,Green,4/15/2013,Philadelphia,PA,4/15/2015
S,3592,S-253592,1613 S 24TH ST,-75.1845586170016,39.9322184734166,Placebo/mow,4/17/2013,Philadelphia,PA,4/15/2015
NNW,7,NNW-010007,1611 N 21ST ST,-75.16931712719941,39.9791229852743,Green,4/17/2013,Philadelphia,PA,4/15/2015
S,2597,S-232597,1556 S LAMBERT ST,-75.1794313874542,39.9320003535894,Green,4/15/2013,Philadelphia,PA,4/15/2015
S,2597,S-232597,1552 S LAMBERT ST,-75.1794185740419,39.9320740784932,Green,4/15/2013,Philadelphia,PA,4/15/2015
S,2597,S-232597,1550 S LAMBERT ST,-75.17940991930941,39.9321107425873,Green,4/15/2013,Philadelphia,PA,4/15/2015
S,2597,S-232597,1548 S LAMBERT ST,-75.1794021352943,39.9321474295091,Green,4/15/2013,Philadelphia,PA,4/15/2015
S,2597,S-232597,1546 S LAMBERT ST,-75.17939322530739,39.9321840762666,Green,4/15/2013,Philadelphia,PA,4/15/2015
S,1728,S-181728,1545 DORRANCE ST,-75.17558527969371,39.931674264465,Green,4/15/2013,Philadelphia,PA,4/15/2015
S,1728,S-181728,1543 DORRANCE ST,-75.1755770470658,39.9317119749299,Green,4/15/2013,Philadelphia,PA,4/15/2015
S,1728,S-181728,1541 DORRANCE ST,-75.17556755191249,39.9317518284126,Green,4/15/2013,Philadelphia,PA,4/15/2015
S,26394,S-1726394,1536 S BOUVIER ST,-75.17426490942979,39.9316515311619,No Tx,4/15/2013,Philadelphia,PA,4/15/2015
S,26394,S-1726394,1532 S BOUVIER ST,-75.1742477023982,39.9317272991894,No Tx,4/15/2013,Philadelphia,PA,4/15/2015
S,1728,S-181728,1531 DORRANCE ST,-75.1755260662011,39.9319442862611,Green,4/15/2013,Philadelphia,PA,4/15/2015
S,1728,S-181728,1529 DORRANCE ST,-75.1755167795454,39.9319823736547,Green,4/15/2013,Philadelphia,PA,4/15/2015
S,26394,S-1726394,1528 S BOUVIER ST,-75.17423191984621,39.9318026282062,No Tx,4/15/2013,Philadelphia,PA,4/15/2015
NNW,641,NNW-2100641,1521 SEYBERT ST,-75.16133964529919,39.9740534212773,Green,4/17/2013,Philadelphia,PA,4/15/2015
NNW,641,NNW-2100641,1520 INGERSOLL ST,-75.1612124971588,39.9741591764794,Green,4/17/2013,Philadelphia,PA,4/15/2015
NNW,641,NNW-2100641,1519 Seybert St,-75.1612908556184,39.9740439669055,Green,4/17/2013,Philadelphia,PA,4/15/2015
NNW,641,NNW-2100641,1517 SEYBERT ST,-75.16123925752289,39.9740367012721,Green,4/17/2013,Philadelphia,PA,4/15/2015
NNW,641,NNW-2100641,1515 SEYBERT ST,-75.1611860192418,39.9740298851952,Green,4/17/2013,Philadelphia,PA,4/15/2015
S,4201,S-274201,1515 S 06TH ST,-75.1549170351587,39.9294550730537,No Tx,4/17/2013,Philadelphia,PA,4/15/2015
NNW,641,NNW-2100641,1513 SEYBERT ST,-75.1611356204014,39.9740237506707,Green,4/17/2013,Philadelphia,PA,4/15/2015
S,1728,S-181728,1512 S CLEVELAND ST,-75.1752636918398,39.9322770487291,Green,4/15/2013,Philadelphia,PA,4/15/2015
NNW,641,NNW-2100641,1511 SEYBERT ST,-75.16107931616691,39.9740202424308,Green,4/17/2013,Philadelphia,PA,4/15/2015
S,1728,S-181728,1510 S CLEVELAND ST,-75.1752551133677,39.9323180114516,Green,4/15/2013,Philadelphia,PA,4/15/2015
S,4201,S-274201,1510 S 05TH ST,-75.1537493841229,39.9294887403345,No Tx,4/17/2013,Philadelphia,PA,4/15/2015
S,1728,S-181728,1509 S CLEVELAND ST,-75.17496031291719,39.9323198958536,Green,4/15/2013,Philadelphia,PA,4/15/2015
S,1728,S-181728,1508 S CLEVELAND ST,-75.1752455358105,39.9323587778423,Green,4/15/2013,Philadelphia,PA,4/15/2015
S,4201,S-274201,1508 S 05TH ST,-75.1537393718541,39.9295347915102,No Tx,4/17/2013,Philadelphia,PA,4/15/2015
NNW,72,NNW-0600072,1500 W GLENWOOD AVE,-75.15633037847179,39.9957120482737,Green,4/18/2013,Philadelphia,PA,4/15/2015
W,77,W-050077,1462 N FRAZIER ST,-75.2345169867837,39.9746696816831,Green,4/20/2013,Philadelphia,PA,4/15/2015
W,77,W-050077,1460 N FRAZIER ST,-75.23450989993511,39.9746321717134,Green,4/20/2013,Philadelphia,PA,4/15/2015
W,77,W-050077,1458 N FRAZIER ST,-75.2345022513132,39.9745938289266,Green,4/20/2013,Philadelphia,PA,4/15/2015
W,77,W-050077,1456 N FRAZIER ST,-75.2344951481188,39.9745552342679,Green,4/20/2013,Philadelphia,PA,4/15/2015
W,77,W-050077,1454 N FRAZIER ST,-75.2344883149436,39.9745170990087,Green,4/20/2013,Philadelphia,PA,4/15/2015
W,77,W-050077,1452 N FRAZIER ST,-75.2344810542133,39.974478639814,Green,4/20/2013,Philadelphia,PA,4/15/2015
W,77,W-050077,1450 N FRAZIER ST,-75.23447396958041,39.9744396850298,Green,4/20/2013,Philadelphia,PA,4/15/2015
W,77,W-050077,1448 N FRAZIER ST,-75.2344666538165,39.9744014136436,Green,4/20/2013,Philadelphia,PA,4/15/2015
NNW,742,NNW-2800742,1443 N 28TH ST,-75.1807834373798,39.9782357248436,Placebo/mow,6/20/2013,Philadelphia,PA,4/15/2015
NNW,742,NNW-2800742,1441 N 28TH ST,-75.1807906116553,39.9781974648461,Placebo/mow,6/20/2013,Philadelphia,PA,4/15/2015
S,338,S-080338,1439 S TAYLOR ST,-75.18526109417451,39.9343305996129,No Tx,4/16/2013,Philadelphia,PA,4/15/2015
NNW,742,NNW-2800742,1439 N 28TH ST,-75.1807997114034,39.9781593346041,Placebo/mow,6/20/2013,Philadelphia,PA,4/15/2015
S,338,S-080338,1435 S TAYLOR ST,-75.1852448435119,39.9344070242446,No Tx,4/16/2013,Philadelphia,PA,4/15/2015
NNW,742,NNW-2800742,1435 N 28TH ST,-75.1808148232201,39.9780840266158,Placebo/mow,6/20/2013,Philadelphia,PA,4/15/2015
S,338,S-080338,1433 S TAYLOR ST,-75.1852357361814,39.9344454488573,No Tx,4/16/2013,Philadelphia,PA,4/15/2015
NNE,60,NNE-090060,1433 N 07TH ST,-75.1472593076068,39.9738596735921,Placebo/mow,4/16/2013,Philadelphia,PA,4/15/2015
S,338,S-080338,1431 S TAYLOR ST,-75.1852276206202,39.93448499545,No Tx,4/16/2013,Philadelphia,PA,4/15/2015
S,338,S-080338,1430 S RINGGOLD ST,-75.18502532654939,39.9344583445848,No Tx,4/16/2013,Philadelphia,PA,4/15/2015
S,338,S-080338,1429 S TAYLOR ST,-75.18521962026369,39.9345244142567,No Tx,4/16/2013,Philadelphia,PA,4/15/2015
S,528,S-110528,1426 S COLORADO ST,-75.1734856012737,39.9330390046521,Placebo/mow,4/16/2013,Philadelphia,PA,4/15/2015
NNE,60,NNE-090060,1426 N 07TH ST,-75.1477616818523,39.9738058716507,Placebo/mow,4/16/2013,Philadelphia,PA,4/15/2015
NNE,60,NNE-090060,1424 N 07TH ST,-75.14777381265711,39.9737437214914,Placebo/mow,4/16/2013,Philadelphia,PA,4/15/2015
NNW,742,NNW-2800742,1421 N 28TH ST,-75.1808739508885,39.9778135277681,Placebo/mow,6/20/2013,Philadelphia,PA,4/15/2015
S,528,S-110528,1417 S COLORADO ST,-75.17316647772179,39.9331942772571,Placebo/mow,4/16/2013,Philadelphia,PA,4/15/2015
S,528,S-110528,1415 S COLORADO ST,-75.1731578211395,39.933232755428,Placebo/mow,4/16/2013,Philadelphia,PA,4/15/2015
S,528,S-110528,1413 S COLORADO ST,-75.1731489030401,39.9332698369803,Placebo/mow,4/16/2013,Philadelphia,PA,4/15/2015
S,528,S-110528,1411 S COLORADO ST,-75.1731442941022,39.9333033294705,Placebo/mow,4/16/2013,Philadelphia,PA,4/15/2015
S,528,S-110528,1410 S COLORADO ST,-75.1734163611474,39.933342093036,Placebo/mow,4/16/2013,Philadelphia,PA,4/15/2015
S,528,S-110528,1408 S COLORADO ST,-75.17340773776721,39.9333798254652,Placebo/mow,4/16/2013,Philadelphia,PA,4/15/2015
NNE,507,NNE-210507,1403 N 07TH ST,-75.1474220405824,39.9731506915738,Placebo/mow,4/17/2013,Philadelphia,PA,4/15/2015
NNE,507,NNE-210507,1401 N 07TH ST,-75.1474284145925,39.9731051484786,Placebo/mow,4/17/2013,Philadelphia,PA,4/15/2015
NNE,331,NNE-260331,1352 N LEE ST,-75.1349860332087,39.9715849855405,Placebo/mow,4/17/2013,Philadelphia,PA,4/15/2015
NNE,331,NNE-260331,1351 N FRONT ST,-75.1351583771914,39.9716187340423,Placebo/mow,4/17/2013,Philadelphia,PA,4/15/2015
NNE,331,NNE-260331,1349 N FRONT ST,-75.13511077718719,39.9715528235491,Placebo/mow,4/17/2013,Philadelphia,PA,4/15/2015
NNE,331,NNE-260331,1347 N FRONT ST,-75.135128113151,39.9714995033345,Placebo/mow,4/17/2013,Philadelphia,PA,4/15/2015
NNE,89,NNE-110089,1345 N 02ND ST,-75.1387866751279,39.9719821416095,No Tx,4/15/2013,Philadelphia,PA,4/15/2015
NNW,423,NNW-2500423,1341 N 21ST ST,-75.1700886706352,39.9756274868525,Placebo/mow,4/19/2013,Philadelphia,PA,4/15/2015
S,1888,S-201888,1338 S STANLEY ST,-75.1949858941617,39.9368525831884,Green,4/15/2013,Philadelphia,PA,4/15/2015
S,1888,S-201888,1338 S CORLIES ST,-75.19448641985301,39.9367945175776,Green,4/15/2013,Philadelphia,PA,4/15/2015
NNE,427,NNE-020427,1336 PARRISH ST,-75.15924592905751,39.9686342859214,Green,4/17/2013,Philadelphia,PA,4/15/2015
NNE,89,NNE-110089,1336 PALETHORP ST,-75.1386475793098,39.9717325883442,No Tx,4/15/2013,Philadelphia,PA,4/15/2015
S,1888,S-201888,1334 S 30TH ST,-75.193974264338,39.9367639088592,Green,4/15/2013,Philadelphia,PA,4/15/2015
NNE,427,NNE-020427,1334 PARRISH ST,-75.15919162093959,39.9686211278197,Green,4/17/2013,Philadelphia,PA,4/15/2015
S,1888,S-201888,1332 S 30TH ST,-75.1939659280509,39.9368065876137,Green,4/15/2013,Philadelphia,PA,4/15/2015
NNE,427,NNE-020427,1332 PARRISH ST,-75.1591427464386,39.9685909926194,Green,4/17/2013,Philadelphia,PA,4/15/2015
S,937,S-150937,1331 GROVE ST,-75.2013056884356,39.9380060554974,No Tx,4/16/2013,Philadelphia,PA,4/15/2015
NNE,427,NNE-020427,1330 PARRISH ST,-75.15908351625851,39.9685854087419,Green,4/17/2013,Philadelphia,PA,4/15/2015
S,937,S-150937,1329 GROVE ST,-75.2012909444082,39.9380439779291,No Tx,4/16/2013,Philadelphia,PA,4/15/2015
S,937,S-150937,1328 S HARMONY ST,-75.2010852956622,39.9380763370511,No Tx,4/16/2013,Philadelphia,PA,4/15/2015
S,937,S-150937,1327 GROVE ST,-75.20127753251489,39.9380815819983,No Tx,4/16/2013,Philadelphia,PA,4/15/2015
S,937,S-150937,1326 S HARMONY ST,-75.20107130197459,39.9381134445556,No Tx,4/16/2013,Philadelphia,PA,4/15/2015
S,1888,S-201888,1326 S CORLIES ST,-75.1944389772267,39.9370232812624,Green,4/15/2013,Philadelphia,PA,4/15/2015
S,937,S-150937,1325 GROVE ST,-75.2012655182172,39.9381172790509,No Tx,4/16/2013,Philadelphia,PA,4/15/2015
S,1888,S-201888,1324 S CORLIES ST,-75.1944305379361,39.9370608270026,Green,4/15/2013,Philadelphia,PA,4/15/2015
S,937,S-150937,1323 GROVE ST,-75.2012517500696,39.9381523761738,No Tx,4/16/2013,Philadelphia,PA,4/15/2015
S,1888,S-201888,1322 S CORLIES ST,-75.1944230789712,39.9370994196796,Green,4/15/2013,Philadelphia,PA,4/15/2015
S,1888,S-201888,1320 S CORLIES ST,-75.19441440879061,39.9371386822663,Green,4/15/2013,Philadelphia,PA,4/15/2015
NNW,256,NNW-1900256,1320 N 18TH ST,-75.16551306343879,39.97491087095,Placebo/mow,4/19/2013,Philadelphia,PA,4/15/2015
S,1888,S-201888,1318 S CORLIES ST,-75.1944070369756,39.937176575537,Green,4/15/2013,Philadelphia,PA,4/15/2015
NNW,256,NNW-1900256,1318 N 18TH ST,-75.1655283297399,39.9748679748793,Placebo/mow,4/19/2013,Philadelphia,PA,4/15/2015
S,1888,S-201888,1317 S STANLEY ST,-75.1945953016323,39.9371993636741,Green,4/15/2013,Philadelphia,PA,4/15/2015
NNW,256,NNW-1900256,1316 N 18TH ST,-75.1655365975804,39.9748247203217,Placebo/mow,4/19/2013,Philadelphia,PA,4/15/2015
S,1888,S-201888,1315 S STANLEY ST,-75.1945872026425,39.9372355958971,Green,4/15/2013,Philadelphia,PA,4/15/2015
NNW,256,NNW-1900256,1314 N 18TH ST,-75.16554197592789,39.9747805416984,Placebo/mow,4/19/2013,Philadelphia,PA,4/15/2015
NNE,193,NNE-240193,13 E SILVER ST,-75.1300865213357,39.9914440553037,No Tx,4/17/2013,Philadelphia,PA,4/15/2015
S,1858,S-191858,1266 S RINGGOLD ST,-75.1845165899999,39.9368263123482,Green,4/15/2013,Philadelphia,PA,4/15/2015
S,3183,S-243183,1252 S 23RD ST,-75.1823096399453,39.9368432149585,Green,4/15/2013,Philadelphia,PA,4/15/2015
S,3183,S-243183,1250 S 23RD ST,-75.1823015277549,39.9368838738659,Green,4/15/2013,Philadelphia,PA,4/15/2015
NNW,104,NNW-0900104,1250 E PRICE ST,-75.1588513148362,40.0528860384733,No Tx,4/18/2013,Philadelphia,PA,4/15/2015
NNW,104,NNW-0900104,1248 E PRICE ST,-75.1588995165279,40.0528392415798,No Tx,4/18/2013,Philadelphia,PA,4/15/2015
NNE,430,NNE-050430,1236 W HUNTINGDON ST,-75.1522581447103,39.9918621371875,Green,4/18/2013,Philadelphia,PA,4/15/2015
W,10,W-020010,1235 HANSON ST,-75.21381027117241,39.9428557763144,Green,4/17/2013,Philadelphia,PA,4/15/2015
NNE,430,NNE-050430,1234 W HUNTINGDON ST,-75.152205050861,39.9918553099477,Green,4/18/2013,Philadelphia,PA,4/15/2015
S,5542,S-015542,1233 PETERS ST,-75.1644155747172,39.9368001000078,No Tx,4/16/2013,Philadelphia,PA,4/15/2015
W,10,W-020010,1233 HANSON ST,-75.2138551441813,39.9428760753582,Green,4/17/2013,Philadelphia,PA,4/15/2015
W,509,W-240509,1232 N ST BERNARD ST,-75.2223519053023,39.973069269368,No Tx,4/20/2013,Philadelphia,PA,4/15/2015
S,2437,S-222437,1231 S 17TH ST,-75.1720296787383,39.9355000590112,Placebo/mow,4/17/2013,Philadelphia,PA,4/15/2015
S,5542,S-015542,1231 PETERS ST,-75.1643589712166,39.9367892250991,No Tx,4/16/2013,Philadelphia,PA,4/15/2015
W,10,W-020010,1231 HANSON ST,-75.2138981780525,39.9428952501625,Green,4/17/2013,Philadelphia,PA,4/15/2015
NNE,430,NNE-050430,1230 W HUNTINGDON ST,-75.1520965931021,39.991840090933,Green,4/18/2013,Philadelphia,PA,4/15/2015
NNE,430,NNE-050430,1228 W HUNTINGDON ST,-75.15204044914169,39.9918326233103,Green,4/18/2013,Philadelphia,PA,4/15/2015
S,5542,S-015542,1228 ALTER ST,-75.1642391439879,39.9368946106039,No Tx,4/16/2013,Philadelphia,PA,4/15/2015
NNE,430,NNE-050430,1226 W HUNTINGDON ST,-75.1519866024785,39.9918250377357,Green,4/18/2013,Philadelphia,PA,4/15/2015
S,2437,S-222437,1225 S 17TH ST,-75.17199328484629,39.9358479773317,Placebo/mow,4/17/2013,Philadelphia,PA,4/15/2015
S,2437,S-222437,1223 S 17TH ST,-75.1719802715885,39.9358878302596,Placebo/mow,4/17/2013,Philadelphia,PA,4/15/2015
S,5542,S-015542,1222 PETERS ST,-75.1639760267029,39.9365210739657,No Tx,4/16/2013,Philadelphia,PA,4/15/2015
W,10,W-020010,1222 HANSON ST,-75.2142504395071,39.9428634744015,Green,4/17/2013,Philadelphia,PA,4/15/2015
NNE,145,NNE-190145,1221 W SUSQUEHANNA AVE,-75.1531425268835,39.9860811925749,No Tx,4/17/2013,Philadelphia,PA,4/15/2015
S,2437,S-222437,1221 S 17TH ST,-75.1719714039459,39.9359294712787,Placebo/mow,4/17/2013,Philadelphia,PA,4/15/2015
S,2399,S-212399,1220 S 20TH ST,-75.1770894788893,39.9364561106691,Green,4/15/2013,Philadelphia,PA,4/15/2015
S,5542,S-015542,1220 PETERS ST,-75.163930235091,39.9365133870814,No Tx,4/16/2013,Philadelphia,PA,4/15/2015
NNE,145,NNE-190145,1219 W SUSQUEHANNA AVE,-75.15308676245969,39.9860720499578,No Tx,4/17/2013,Philadelphia,PA,4/15/2015
NNW,76,NNW-0700076,1219 PENNOCK ST,-75.1810673065561,39.9750868905025,Green,4/19/2013,Philadelphia,PA,4/15/2015
S,2399,S-212399,1218 S 20TH ST,-75.17707022138759,39.9365044790008,Green,4/15/2013,Philadelphia,PA,4/15/2015
W,509,W-240509,1218 N 50TH ST,-75.2229186348797,39.9725589093019,No Tx,4/20/2013,Philadelphia,PA,4/15/2015
NNW,76,NNW-0700076,1217 PENNOCK ST,-75.18109094134461,39.9750446724416,Green,4/19/2013,Philadelphia,PA,4/15/2015
NNW,76,NNW-0700076,1215 PENNOCK ST,-75.1810992736043,39.9750100682052,Green,4/19/2013,Philadelphia,PA,4/15/2015
W,509,W-240509,1215 N 50TH ST,-75.2225041065999,39.9726799247355,No Tx,4/20/2013,Philadelphia,PA,4/15/2015
NNE,145,NNE-190145,1213 W SUSQUEHANNA AVE,-75.152921544725,39.9860515683047,No Tx,4/17/2013,Philadelphia,PA,4/15/2015
NNW,76,NNW-0700076,1213 PENNOCK ST,-75.1811068881823,39.97497489474,Green,4/19/2013,Philadelphia,PA,4/15/2015
W,509,W-240509,1212 N 50TH ST,-75.2229076580868,39.9724292570731,No Tx,4/20/2013,Philadelphia,PA,4/15/2015
NNW,76,NNW-0700076,1211 PENNOCK ST,-75.1811139986857,39.9749399529409,Green,4/19/2013,Philadelphia,PA,4/15/2015
NNW,76,NNW-0700076,1209 PENNOCK ST,-75.1811230494171,39.9749054831671,Green,4/19/2013,Philadelphia,PA,4/15/2015
NNW,76,NNW-0700076,1207 PENNOCK ST,-75.1811218628674,39.9748665202511,Green,4/19/2013,Philadelphia,PA,4/15/2015
NNW,76,NNW-0700076,1205 PENNOCK ST,-75.1811315649946,39.9748264356455,Green,4/19/2013,Philadelphia,PA,4/15/2015
NNW,76,NNW-0700076,1203 PENNOCK ST,-75.18114026620751,39.9747861495765,Green,4/19/2013,Philadelphia,PA,4/15/2015
W,43,W-040043,118 N 56TH ST,-75.2326668748037,39.9631277453889,No Tx,4/20/2013,Philadelphia,PA,4/15/2015
W,43,W-040043,116 N 56TH ST,-75.2326763221362,39.9630840180991,No Tx,4/20/2013,Philadelphia,PA,4/15/2015
S,334,S-070334,1145 S SYDENHAM ST,-75.1694539822544,39.9365667613923,No Tx,4/16/2013,Philadelphia,PA,4/15/2015
S,334,S-070334,1143 S SYDENHAM ST,-75.16941672261331,39.9366052023948,No Tx,4/16/2013,Philadelphia,PA,4/15/2015
S,334,S-070334,1141 S SYDENHAM ST,-75.169407175904,39.9366487261957,No Tx,4/16/2013,Philadelphia,PA,4/15/2015
S,334,S-070334,1139 S SYDENHAM ST,-75.1693976794818,39.9366923862842,No Tx,4/16/2013,Philadelphia,PA,4/15/2015
S,334,S-070334,1137 S SYDENHAM ST,-75.1693894315207,39.9367357755302,No Tx,4/16/2013,Philadelphia,PA,4/15/2015
W,762,W-190762,1132 S 54TH ST,-75.22753189696461,39.9432980134064,Green,4/17/2013,Philadelphia,PA,4/15/2015
S,18583,S-0218583,1131 S 20TH ST,-75.1763002875781,39.9381219044182,Placebo/mow,4/16/2013,Philadelphia,PA,4/15/2015
S,18583,S-0218583,1129 S 20TH ST,-75.17628915768231,39.9381672864021,Placebo/mow,4/16/2013,Philadelphia,PA,4/15/2015
W,762,W-190762,1122 S 54TH ST,-75.22772766467089,39.9434613755786,Green,4/17/2013,Philadelphia,PA,4/15/2015
W,762,W-190762,1120 S 54TH ST,-75.2277653070346,39.9434942941188,Green,4/17/2013,Philadelphia,PA,4/15/2015
W,43,W-040043,112 N 56TH ST,-75.2326675488292,39.9629131430062,No Tx,4/20/2013,Philadelphia,PA,4/15/2015
W,762,W-190762,1118 S 54TH ST,-75.2278064605097,39.9435274892075,Green,4/17/2013,Philadelphia,PA,4/15/2015
S,18583,S-0218583,1117 S 20TH ST,-75.17623049289401,39.9384255761836,Placebo/mow,4/16/2013,Philadelphia,PA,4/15/2015
S,18583,S-0218583,1112 S 20TH ST,-75.17667137876811,39.9384226998038,Placebo/mow,4/16/2013,Philadelphia,PA,4/15/2015
S,18583,S-0218583,1110 S 20TH ST,-75.1766615434703,39.9384685456966,Placebo/mow,4/16/2013,Philadelphia,PA,4/15/2015
W,115,W-060115,1103 N 42ND ST,-75.20852822611781,39.9730519424077,Placebo/mow,4/16/2013,Philadelphia,PA,4/15/2015
W,115,W-060115,1102 N 42ND ST,-75.2090265979332,39.9728110041467,Placebo/mow,4/16/2013,Philadelphia,PA,4/15/2015
W,115,W-060115,1100 N 42ND ST,-75.209019121062,39.9727671472798,Placebo/mow,4/16/2013,Philadelphia,PA,4/15/2015
NNE,193,NNE-240193,11 E SILVER ST,-75.13013528655721,39.9914503054832,No Tx,4/17/2013,Philadelphia,PA,4/15/2015
NNE,117,NNE-160117,1019 W ARIZONA ST,-75.14956844037479,39.9881903252937,Placebo/mow,4/16/2013,Philadelphia,PA,4/15/2015
NNE,117,NNE-160117,1017 W ARIZONA ST,-75.1495242090418,39.9881850275918,Placebo/mow,4/16/2013,Philadelphia,PA,4/15/2015
NNE,117,NNE-160117,1015 W ARIZONA ST,-75.14948033565049,39.9881784827758,Placebo/mow,4/16/2013,Philadelphia,PA,4/15/2015
NNE,117,NNE-160117,1013 W ARIZONA ST,-75.14943957428309,39.9881744066758,Placebo/mow,4/16/2013,Philadelphia,PA,4/15/2015
NNE,117,NNE-160117,1011 W ARIZONA ST,-75.1493992918743,39.9881642374635,Placebo/mow,4/16/2013,Philadelphia,PA,4/15/2015
NNE,117,NNE-160117,1009 W ARIZONA ST,-75.1493542873534,39.9881590083842,Placebo/mow,4/16/2013,Philadelphia,PA,4/15/2015
W,601,W-110601,1001 N 43RD ST,-75.2102306274717,39.9715244171553,Placebo/mow,4/17/2013,Philadelphia,PA,4/15/2015
